"TruePositives","FalsePositives","TrueNegatives","FalseNegatives","Recall","Precision","Sensitivity","Specificity","F-measure","Accuracy","Cohen's kappa"
567,44,1,5,0.9912587412587412,0.9279869067103109,0.9912587412587412,0.022222222222222223,0.9585798816568046,,
1,5,567,44,0.022222222222222223,0.16666666666666666,0.022222222222222223,0.9912587412587412,0.0392156862745098,,
,,,,,,,,,0.9205834683954619,0.022439939211692843
